contamination_pct,target_pct,seed,threshold_95,pr_auc,roc_auc,f1,benign_fpr,attack_recall,fpr_w10,fpr_0208
0.0,0,0,0.16844355091452626,0.7110396230383345,0.8069252469801436,0.7311827956989247,0.0187018701870187,0.6732673267326733,0.015723270440251572,0.02564102564102564
0.0,0,1,0.1847853325307371,0.71103149405422,0.8080362491694714,0.7351351351351352,0.0176017601760176,0.6732673267326733,0.015723270440251572,0.02197802197802198
0.0,0,2,0.11703481152653704,0.7771434662267507,0.9389166639436222,0.6974358974358974,0.028602860286028604,0.6732673267326733,0.014150943396226415,0.06227106227106227
0.0,0,3,0.07884789593517781,0.7705603194173272,0.9310960799050201,0.7083333333333334,0.025302530253025302,0.6732673267326733,0.020440251572327043,0.03663003663003663
0.0,0,4,0.16523727476596853,0.7387242497718944,0.8897384787983749,0.7058823529411765,0.022002200220022004,0.6534653465346535,0.0220125786163522,0.02197802197802198
0.0,0,5,0.10994762256741561,0.8086501532221707,0.958751320676622,0.7195767195767195,0.022002200220022004,0.6732673267326733,0.015723270440251572,0.03663003663003663
0.0,0,6,0.08650297783315194,0.7354474280360213,0.8798048121643848,0.6699507389162561,0.0374037403740374,0.6732673267326733,0.03773584905660377,0.03663003663003663
0.0,0,7,0.15222201794385914,0.7483600869962802,0.9091810171116121,0.7213114754098361,0.0176017601760176,0.6534653465346535,0.015723270440251572,0.02197802197802198
0.0,0,8,0.1785798847675325,0.7109724110620174,0.8065984816303413,0.7351351351351352,0.0176017601760176,0.6732673267326733,0.015723270440251572,0.02197802197802198
0.0,0,9,0.1873599320650103,0.709483621107942,0.8026664052543868,0.7213114754098361,0.0176017601760176,0.6534653465346535,0.015723270440251572,0.02197802197802198
0.0,0,10,0.08558677732944489,0.7413596255622069,0.8931477306146457,0.6538461538461539,0.0429042904290429,0.6732673267326733,0.03773584905660377,0.054945054945054944
0.0,0,11,0.12391308881342412,0.762777680328174,0.9243320371641124,0.7096774193548387,0.020902090209020903,0.6534653465346535,0.01729559748427673,0.029304029304029304
0.0,0,12,0.09100118353962906,0.7485446474169763,0.9057173044037077,0.6938775510204082,0.0297029702970297,0.6732673267326733,0.018867924528301886,0.054945054945054944
0.0,0,13,0.12190943621098996,0.7414168567325738,0.8929952401180712,0.7083333333333334,0.025302530253025302,0.6732673267326733,0.018867924528301886,0.040293040293040296
0.0,0,14,0.09919674731791053,0.7687084742940655,0.9293533313727412,0.7010309278350515,0.027502750275027504,0.6732673267326733,0.01729559748427673,0.05128205128205128
0.0,0,15,0.07934051528573036,0.8002771180741819,0.9536319968630527,0.7083333333333334,0.025302530253025302,0.6732673267326733,0.026729559748427674,0.02197802197802198
0.0,0,16,0.13180902451276796,0.7638354472522366,0.9253014410351926,0.7096774193548387,0.020902090209020903,0.6534653465346535,0.014150943396226415,0.03663003663003663
0.0,0,17,0.07442027032375341,0.7657499030959426,0.9272511409556797,0.6868686868686869,0.0319031903190319,0.6732673267326733,0.025157232704402517,0.047619047619047616
0.0,0,18,0.07282363586127763,0.7680004048509071,0.930039538607326,0.6634146341463415,0.039603960396039604,0.6732673267326733,0.026729559748427674,0.0695970695970696
0.0,0,19,0.12175361849367623,0.7502928819296784,0.9077323573941553,0.7021276595744681,0.0231023102310231,0.6534653465346535,0.01729559748427673,0.03663003663003663
1.0,1,0,0.182925733178854,0.7068758832436743,0.8320861789149212,0.7096774193548387,0.020902090209020903,0.6534653465346535,0.015723270440251572,0.03296703296703297
1.0,1,1,0.12305934987962253,0.6737340841388203,0.7675935910422725,0.7311827956989247,0.0187018701870187,0.6732673267326733,0.015723270440251572,0.02564102564102564
1.0,1,2,0.14396093562245382,0.7486926191321588,0.9207594026729405,0.7096774193548387,0.020902090209020903,0.6534653465346535,0.020440251572327043,0.02197802197802198
1.0,1,3,0.11030631363391892,0.7023416131436088,0.8227406899105753,0.7391304347826086,0.0165016501650165,0.6732673267326733,0.01729559748427673,0.014652014652014652
1.0,1,4,0.12125806808471695,0.736393210762828,0.8918297770371096,0.7311827956989247,0.0187018701870187,0.6732673267326733,0.01729559748427673,0.02197802197802198
1.0,1,5,0.10728590190410615,0.7518730548618351,0.9170560620418478,0.7272727272727273,0.019801980198019802,0.6732673267326733,0.01729559748427673,0.02564102564102564
1.0,1,6,0.09885324947535994,0.7271537255729217,0.8847389689463996,0.7311827956989247,0.0187018701870187,0.6732673267326733,0.01729559748427673,0.02197802197802198
1.0,1,7,0.1376952461898327,0.7502053975879122,0.9072857780827588,0.7213114754098361,0.0176017601760176,0.6534653465346535,0.01729559748427673,0.018315018315018316
1.0,1,8,0.12836830951273473,0.6934443146462393,0.7987234367001057,0.7351351351351352,0.0176017601760176,0.6732673267326733,0.015723270440251572,0.02197802197802198
1.0,1,9,0.13325395062565806,0.7369113229114916,0.8923417094184666,0.7135135135135136,0.019801980198019802,0.6534653465346535,0.020440251572327043,0.018315018315018316
1.0,1,10,0.09282708577811742,0.7320086100338706,0.8956093629164896,0.6903553299492385,0.030803080308030802,0.6732673267326733,0.018867924528301886,0.05860805860805861
1.0,1,11,0.14919968545436868,0.7335235858444271,0.9198989205851278,0.7213114754098361,0.0176017601760176,0.6534653465346535,0.01729559748427673,0.018315018315018316
1.0,1,12,0.12582797445356883,0.7090143072314379,0.8113583635591283,0.7157894736842105,0.0231023102310231,0.6732673267326733,0.018867924528301886,0.03296703296703297
1.0,1,13,0.13074569925665872,0.7176319521869139,0.844154712500953,0.7351351351351352,0.0176017601760176,0.6732673267326733,0.015723270440251572,0.02197802197802198
1.0,1,14,0.20229328423738482,0.7082928587222234,0.7963925105381826,0.717391304347826,0.0187018701870187,0.6534653465346535,0.015723270440251572,0.02564102564102564
1.0,1,15,0.12184175848960888,0.7510955765626139,0.9159341676741931,0.7252747252747253,0.0165016501650165,0.6534653465346535,0.014150943396226415,0.02197802197802198
1.0,1,16,0.135919101536274,0.7630370901334415,0.9242340075591717,0.7058823529411765,0.022002200220022004,0.6534653465346535,0.01729559748427673,0.03296703296703297
1.0,1,17,0.12346043065190329,0.6813160695992277,0.8315088934636038,0.7157894736842105,0.0231023102310231,0.6732673267326733,0.015723270440251572,0.040293040293040296
1.0,1,18,0.15910253301262856,0.7298321143004519,0.89092572623599,0.717391304347826,0.0187018701870187,0.6534653465346535,0.01729559748427673,0.02197802197802198
1.0,1,19,0.13583677932620059,0.7470810587525771,0.905150911130717,0.7311827956989247,0.0187018701870187,0.6732673267326733,0.01729559748427673,0.02197802197802198
2.0,2,0,0.1576154597103596,0.7250958565303534,0.9028635536821009,0.7213114754098361,0.0176017601760176,0.6534653465346535,0.015723270440251572,0.02197802197802198
2.0,2,1,0.128030513972044,0.691840710467493,0.7743576337831803,0.7311827956989247,0.0187018701870187,0.6732673267326733,0.01729559748427673,0.02197802197802198
2.0,2,2,0.13512875139713298,0.7255135797315079,0.9011425895064753,0.717391304347826,0.0187018701870187,0.6534653465346535,0.01729559748427673,0.02197802197802198
2.0,2,3,0.14259392693638806,0.7319140587554258,0.9231121131915172,0.6936416184971098,0.013201320132013201,0.594059405940594,0.012578616352201259,0.014652014652014652
2.0,2,4,0.14795803576707853,0.7317592715774206,0.9097691947412564,0.7213114754098361,0.0176017601760176,0.6534653465346535,0.015723270440251572,0.02197802197802198
2.0,2,5,0.14204308316111566,0.7352910872988534,0.9059242557919158,0.7213114754098361,0.0176017601760176,0.6534653465346535,0.014150943396226415,0.02564102564102564
2.0,2,6,0.12437526136636737,0.6917695814660807,0.8953479506366478,0.6666666666666666,0.020902090209020903,0.594059405940594,0.018867924528301886,0.02564102564102564
2.0,2,7,0.13786506280303001,0.7389994701726638,0.9185265061159581,0.717391304347826,0.0187018701870187,0.6534653465346535,0.01729559748427673,0.02197802197802198
2.0,2,8,0.13233635574579244,0.6617352757372134,0.7747606443812698,0.7311827956989247,0.0187018701870187,0.6732673267326733,0.014150943396226415,0.029304029304029304
2.0,2,9,0.15876264572143556,0.6421010035170079,0.7597838991819974,0.6634146341463415,0.039603960396039604,0.6732673267326733,0.026729559748427674,0.0695970695970696
2.0,2,10,0.12130159735679669,0.677727890337937,0.8271520221329063,0.7311827956989247,0.0187018701870187,0.6732673267326733,0.015723270440251572,0.02564102564102564
2.0,2,11,0.1560995861887932,0.6885336659739116,0.8178936705551744,0.7272727272727273,0.019801980198019802,0.6732673267326733,0.01729559748427673,0.02564102564102564
2.0,2,12,0.1296429298818112,0.6895810432869799,0.8064350989554401,0.6938775510204082,0.0297029702970297,0.6732673267326733,0.01729559748427673,0.05860805860805861
2.0,2,13,0.1696397699415686,0.6873064099889115,0.8061954710322518,0.7213114754098361,0.0176017601760176,0.6534653465346535,0.018867924528301886,0.014652014652014652
2.0,2,14,0.10436034500598912,0.7432402243619428,0.9235042316112799,0.7351351351351352,0.0176017601760176,0.6732673267326733,0.012578616352201259,0.029304029304029304
2.0,2,15,0.1450032629072667,0.6742129853404865,0.7935932207082095,0.7120418848167539,0.0242024202420242,0.6732673267326733,0.015723270440251572,0.04395604395604396
2.0,2,16,0.16153727620840072,0.7433723157725234,0.9115446198085155,0.717391304347826,0.0187018701870187,0.6534653465346535,0.015723270440251572,0.02564102564102564
2.0,2,17,0.13597077503800392,0.7012587452096434,0.8000196059209881,0.6938775510204082,0.0297029702970297,0.6732673267326733,0.015723270440251572,0.06227106227106227
2.0,2,18,0.12819319218397143,0.6780222561012296,0.8337853587338933,0.7157894736842105,0.0231023102310231,0.6732673267326733,0.0220125786163522,0.02564102564102564
2.0,2,19,0.17639422491192838,0.6852690194325183,0.8319119040616934,0.7103825136612022,0.0187018701870187,0.6435643564356436,0.015723270440251572,0.02564102564102564
4.0,4,0,0.39269541501998917,0.6723491421618008,0.8325000816913375,0.631578947368421,0.0462046204620462,0.6534653465346535,0.050314465408805034,0.03663003663003663
4.0,4,1,0.17321548834443093,0.6176084390759488,0.7746299382413488,0.7010309278350515,0.027502750275027504,0.6732673267326733,0.0220125786163522,0.040293040293040296
4.0,4,2,0.2337031349539757,0.6792206607597837,0.8383273970961453,0.7096774193548387,0.020902090209020903,0.6534653465346535,0.020440251572327043,0.02197802197802198
4.0,4,3,0.13244563117623334,0.6538426706594539,0.8053567733010925,0.6732673267326733,0.036303630363036306,0.6732673267326733,0.02358490566037736,0.06593406593406594
4.0,4,4,0.3959953114390375,0.6571472233523354,0.829842390179612,0.5990783410138248,0.056105610561056105,0.6435643564356436,0.04874213836477988,0.07326007326007326
4.0,4,5,0.16376783326268204,0.673728409703568,0.780489930181137,0.6974358974358974,0.028602860286028604,0.6732673267326733,0.025157232704402517,0.03663003663003663
4.0,4,6,0.3999131977558138,0.650657476748649,0.8279907198640657,0.5963302752293578,0.05720572057205721,0.6435643564356436,0.04874213836477988,0.07692307692307693
4.0,4,7,0.19127199575304987,0.6409172818069946,0.7539565837771897,0.6514285714285715,0.0187018701870187,0.5643564356435643,0.015723270440251572,0.02564102564102564
4.0,4,8,0.1262113615870476,0.6280333975084714,0.8096047228485226,0.6666666666666666,0.03850385038503851,0.6732673267326733,0.026729559748427674,0.06593406593406594
4.0,4,9,0.13440728783607483,0.6633731752481231,0.7517127950418805,0.7272727272727273,0.019801980198019802,0.6732673267326733,0.01729559748427673,0.02564102564102564
4.0,4,10,0.4121505707502367,0.6573881192286894,0.827555032730996,0.5990783410138248,0.056105610561056105,0.6435643564356436,0.050314465408805034,0.0695970695970696
4.0,4,11,0.18153609707951554,0.6294069488133385,0.7542397804136851,0.6974358974358974,0.028602860286028604,0.6732673267326733,0.014150943396226415,0.06227106227106227
4.0,4,12,0.206399554759264,0.5475255751735703,0.7373895805422126,0.5421686746987951,0.022002200220022004,0.44554455445544555,0.020440251572327043,0.02564102564102564
4.0,4,13,0.17630211412906657,0.676325081846492,0.8986264963129975,0.6473988439306358,0.0176017601760176,0.5544554455445545,0.015723270440251572,0.02197802197802198
4.0,4,14,0.15275374799966815,0.7000329296391768,0.8315197856419305,0.7096774193548387,0.020902090209020903,0.6534653465346535,0.020440251572327043,0.02197802197802198
4.0,4,15,0.38663036376237875,0.57307354204471,0.8281541025389668,0.5507246376811594,0.0539053905390539,0.5643564356435643,0.04874213836477988,0.06593406593406594
4.0,4,16,0.16686254441738138,0.6956301498011856,0.8564628740101733,0.7096774193548387,0.020902090209020903,0.6534653465346535,0.0220125786163522,0.018315018315018316
4.0,4,17,0.37826958298683183,0.6601319804993349,0.832053502379941,0.6103286384976526,0.0517051705170517,0.6435643564356436,0.050314465408805034,0.054945054945054944
4.0,4,18,0.18145401701331138,0.678916677451368,0.7955429206286966,0.6938775510204082,0.0297029702970297,0.6732673267326733,0.025157232704402517,0.040293040293040296
4.0,4,19,0.4145085647702219,0.7017608381718523,0.8301146946377806,0.6,0.058305830583058306,0.6534653465346535,0.050314465408805034,0.07692307692307693
8.0,8,0,0.5198645919561388,0.6607389560351573,0.8234051127885066,0.6197183098591549,0.050605060506050605,0.6534653465346535,0.04245283018867924,0.0695970695970696
8.0,8,1,0.2156661629676819,0.646633329847955,0.7469420209347668,0.6387434554973822,0.0319031903190319,0.6039603960396039,0.018867924528301886,0.06227106227106227
8.0,8,2,0.39744498431682607,0.6489235991708632,0.8313999716803364,0.5909090909090909,0.0594059405940594,0.6435643564356436,0.050314465408805034,0.08058608058608059
8.0,8,3,0.20872761979699145,0.640636124815469,0.7673321787624308,0.673469387755102,0.0319031903190319,0.6534653465346535,0.018867924528301886,0.06227106227106227
8.0,8,4,0.5069066643714908,0.5977555308212253,0.8214989815813265,0.6132075471698113,0.050605060506050605,0.6435643564356436,0.04245283018867924,0.0695970695970696
8.0,8,5,0.26082964986562746,0.6714600356439822,0.7983748869936499,0.6700507614213198,0.033003300330033,0.6534653465346535,0.026729559748427674,0.047619047619047616
8.0,8,6,0.24435817822813988,0.6331299560849932,0.7980372294655207,0.6255924170616114,0.0484048404840484,0.6534653465346535,0.036163522012578615,0.07692307692307693
8.0,8,7,0.41256588548421874,0.6723530297124368,0.8260954808352122,0.6255924170616114,0.0484048404840484,0.6534653465346535,0.050314465408805034,0.04395604395604396
8.0,8,8,0.19439211189746874,0.6710699315649278,0.815954862813014,0.7120418848167539,0.0242024202420242,0.6732673267326733,0.015723270440251572,0.04395604395604396
8.0,8,9,0.19019108712673197,0.6161628051950586,0.7573331590584802,0.6243386243386243,0.0319031903190319,0.5841584158415841,0.018867924528301886,0.06227106227106227
8.0,8,10,0.49207603782415404,0.6686491773330158,0.8286878192769772,0.631578947368421,0.0462046204620462,0.6534653465346535,0.04245283018867924,0.054945054945054944
8.0,8,11,0.1924919694662096,0.6592536501230305,0.7674628849023517,0.6961325966850829,0.0187018701870187,0.6237623762376238,0.015723270440251572,0.02564102564102564
8.0,8,12,0.2001960359513768,0.6437278568186474,0.8122079534686142,0.6458333333333334,0.0319031903190319,0.6138613861386139,0.01729559748427673,0.06593406593406594
8.0,8,13,0.41618466079235095,0.483891859112168,0.748717446002026,0.42857142857142855,0.058305830583058306,0.4158415841584158,0.050314465408805034,0.07692307692307693
8.0,8,14,0.2112259298563004,0.669108569554673,0.7798690760165126,0.6875,0.027502750275027504,0.6534653465346535,0.0220125786163522,0.040293040293040296
8.0,8,15,0.41494544446468373,0.5876647872518723,0.7986907601651254,0.5377358490566038,0.0594059405940594,0.5643564356435643,0.050314465408805034,0.08058608058608059
8.0,8,16,0.34761802852153784,0.6321533729654105,0.8042675554684181,0.6346153846153846,0.045104510451045104,0.6534653465346535,0.03773584905660377,0.06227106227106227
8.0,8,17,0.41697066575288794,0.5571718878641118,0.7900096940387107,0.5192307692307693,0.058305830583058306,0.5346534653465347,0.050314465408805034,0.07692307692307693
8.0,8,18,0.19261969104409232,0.6725627020515408,0.7896938208672353,0.6868686868686869,0.0319031903190319,0.6732673267326733,0.01729559748427673,0.06593406593406594
8.0,8,19,0.192967884987593,0.6763392930151623,0.787667875698461,0.6938775510204082,0.0297029702970297,0.6732673267326733,0.015723270440251572,0.06227106227106227
12.0,12,0,0.4494993314146998,0.6532723605711429,0.8347329782483198,0.6197183098591549,0.050605060506050605,0.6534653465346535,0.04245283018867924,0.0695970695970696
12.0,12,1,0.3777311936020853,0.6390415837601464,0.8315306778202574,0.5581395348837209,0.0594059405940594,0.594059405940594,0.050314465408805034,0.08058608058608059
12.0,12,2,0.18569375723600412,0.6731912882522529,0.8088531625439772,0.6903553299492385,0.030803080308030802,0.6732673267326733,0.0220125786163522,0.05128205128205128
12.0,12,3,0.2012674093246462,0.6508890436483273,0.8164123343027372,0.6834170854271356,0.033003300330033,0.6732673267326733,0.020440251572327043,0.06227106227106227
12.0,12,4,0.6509950101375581,0.7053924911479487,0.8368460608437083,0.6226415094339622,0.04950495049504951,0.6534653465346535,0.040880503144654086,0.0695970695970696
12.0,12,5,0.4606231108307839,0.6716565687961992,0.835190449738043,0.6197183098591549,0.050605060506050605,0.6534653465346535,0.04245283018867924,0.0695970695970696
12.0,12,6,0.20355000123381614,0.662556884297876,0.7888551231360761,0.6288659793814433,0.0352035203520352,0.6039603960396039,0.02358490566037736,0.06227106227106227
12.0,12,7,0.654415744543076,0.7018379055703969,0.8243418401246065,0.631578947368421,0.0462046204620462,0.6534653465346535,0.03930817610062893,0.06227106227106227
12.0,12,8,0.2822800904512406,0.7239060829081666,0.8737378688363886,0.6071428571428571,0.06050605060506051,0.6732673267326733,0.05188679245283019,0.08058608058608059
12.0,12,9,0.2175733074545862,0.5967637838054616,0.7590105545207986,0.5494505494505495,0.034103410341034104,0.49504950495049505,0.0220125786163522,0.06227106227106227
12.0,12,10,0.4782569304108621,0.6680783070582037,0.8291017220533934,0.6197183098591549,0.050605060506050605,0.6534653465346535,0.04245283018867924,0.0695970695970696
12.0,12,11,0.6712828367948538,0.7013832112739871,0.8253003518173601,0.6376811594202898,0.04400440044004401,0.6534653465346535,0.036163522012578615,0.06227106227106227
12.0,12,12,0.5981560230255127,0.7057551178914968,0.8362687753923908,0.5972850678733032,0.0594059405940594,0.6534653465346535,0.04874213836477988,0.08424908424908426
12.0,12,13,0.5085701882839206,0.6081758378426858,0.8031892298140706,0.5615763546798029,0.04950495049504951,0.5643564356435643,0.04245283018867924,0.06593406593406594
12.0,12,14,0.6051533162593843,0.7049727983052078,0.8332298576392294,0.6055045871559633,0.056105610561056105,0.6534653465346535,0.04874213836477988,0.07326007326007326
12.0,12,15,0.43680480569601077,0.6312660669744744,0.8150508120118942,0.5607476635514018,0.058305830583058306,0.594059405940594,0.050314465408805034,0.07692307692307693
12.0,12,16,0.20495706424117094,0.667063604319318,0.7797056933416114,0.6633165829145728,0.0352035203520352,0.6534653465346535,0.026729559748427674,0.054945054945054944
12.0,12,17,0.6863322615623476,0.7024794858301405,0.8267599037131437,0.6197183098591549,0.050605060506050605,0.6534653465346535,0.04245283018867924,0.0695970695970696
12.0,12,18,0.1800090864300731,0.6332337792878103,0.7590323388774521,0.6349206349206349,0.030803080308030802,0.594059405940594,0.015723270440251572,0.06593406593406594
12.0,12,19,0.5105845034122468,0.4212718794725927,0.667548933111133,0.36666666666666664,0.050605060506050605,0.32673267326732675,0.04245283018867924,0.0695970695970696
14.38,15,0,0.4796656757593156,0.5212491503416786,0.7652735570586762,0.4607329842931937,0.050605060506050605,0.43564356435643564,0.04245283018867924,0.0695970695970696
14.38,15,1,0.49738783538341536,0.5848420447552479,0.800575107015652,0.5588235294117647,0.050605060506050605,0.5643564356435643,0.04245283018867924,0.0695970695970696
14.38,15,2,0.22727895155549072,0.6915219527259949,0.7681599843152633,0.6875,0.027502750275027504,0.6534653465346535,0.020440251572327043,0.04395604395604396
14.38,15,3,0.5407334268093111,0.6892191350787297,0.8129268372381793,0.6197183098591549,0.050605060506050605,0.6534653465346535,0.04245283018867924,0.0695970695970696
14.38,15,4,0.6463691622018816,0.7036635300927168,0.8310187454389003,0.6197183098591549,0.050605060506050605,0.6534653465346535,0.04245283018867924,0.0695970695970696
14.38,15,5,0.29917785823345194,0.6465756665521787,0.7727238070341689,0.6502463054187192,0.039603960396039604,0.6534653465346535,0.031446540880503145,0.05860805860805861
14.38,15,6,0.29902898967266106,0.4876049045714042,0.7241446916968924,0.4772727272727273,0.036303630363036306,0.4158415841584158,0.026729559748427674,0.05860805860805861
14.38,15,7,0.6526992827653891,0.7039034761019952,0.8286878192769771,0.631578947368421,0.0462046204620462,0.6534653465346535,0.03930817610062893,0.06227106227106227
14.38,15,8,0.42446888685226447,0.5703616378743542,0.8116088836606433,0.5192307692307693,0.058305830583058306,0.5346534653465347,0.050314465408805034,0.07692307692307693
14.38,15,9,0.5345124185085298,0.5257658460056623,0.7862954612292912,0.4444444444444444,0.050605060506050605,0.4158415841584158,0.04245283018867924,0.0695970695970696
14.38,15,10,0.4937523469328881,0.6031525983346538,0.815355793005043,0.6226415094339622,0.04950495049504951,0.6534653465346535,0.040880503144654086,0.0695970695970696
14.38,15,11,0.6695606648921973,0.7027215128083173,0.8276639545142633,0.6376811594202898,0.04400440044004401,0.6534653465346535,0.036163522012578615,0.06227106227106227
14.38,15,12,0.4883985862135888,0.5897520361698902,0.8152141946867955,0.5373134328358209,0.050605060506050605,0.5346534653465347,0.04245283018867924,0.0695970695970696
14.38,15,13,0.5116028845310214,0.5095345708356815,0.7730832489189513,0.45263157894736844,0.050605060506050605,0.42574257425742573,0.04245283018867924,0.0695970695970696
14.38,15,14,0.5793463349342348,0.706840599266045,0.8368569530220349,0.6,0.058305830583058306,0.6534653465346535,0.04874213836477988,0.08058608058608059
14.38,15,15,0.4157829806208612,0.5595328550406269,0.7832129747628227,0.5402843601895735,0.058305830583058306,0.5643564356435643,0.050314465408805034,0.07692307692307693
14.38,15,16,0.19320074841380144,0.6811420824080764,0.7764162554869348,0.6875,0.027502750275027504,0.6534653465346535,0.015723270440251572,0.054945054945054944
14.38,15,17,0.6999047696590424,0.7028824017560793,0.8283283773921947,0.6197183098591549,0.050605060506050605,0.6534653465346535,0.04245283018867924,0.0695970695970696
14.38,15,18,0.5112828612327577,0.42336897566651976,0.6632683070287226,0.36666666666666664,0.050605060506050605,0.32673267326732675,0.04245283018867924,0.0695970695970696
14.38,15,19,0.4798413649201394,0.4158414334324227,0.6485420819309653,0.36666666666666664,0.050605060506050605,0.32673267326732675,0.04245283018867924,0.0695970695970696
19.27,20,0,0.6873122394084933,0.7092160016528046,0.8457449705366576,0.6285714285714286,0.047304730473047306,0.6534653465346535,0.03930817610062893,0.06593406593406594
19.27,20,1,0.4441991940140726,0.6333362891388781,0.813918025465913,0.5607476635514018,0.058305830583058306,0.594059405940594,0.050314465408805034,0.07692307692307693
19.27,20,2,0.5891390264034272,0.7080481714376934,0.8466490213377773,0.6,0.058305830583058306,0.6534653465346535,0.04874213836477988,0.08058608058608059
19.27,20,3,0.6863084882497787,0.7087629921452964,0.8464093934145891,0.6285714285714286,0.047304730473047306,0.6534653465346535,0.03773584905660377,0.0695970695970696
19.27,20,4,0.6411766290664674,0.7041357735474063,0.8328050626844863,0.6226415094339622,0.04950495049504951,0.6534653465346535,0.04245283018867924,0.06593406593406594
19.27,20,5,0.4820278719067575,0.615523881176631,0.8267272271781634,0.6197183098591549,0.050605060506050605,0.6534653465346535,0.04245283018867924,0.0695970695970696
19.27,20,6,0.5257952272891999,0.5177438590847458,0.7636941912012983,0.4607329842931937,0.050605060506050605,0.43564356435643564,0.04245283018867924,0.0695970695970696
19.27,20,7,0.6457142025232319,0.7033338429366044,0.8298206058229585,0.6226415094339622,0.04950495049504951,0.6534653465346535,0.04245283018867924,0.06593406593406594
19.27,20,8,0.4345941826701165,0.7187389696800676,0.8680848282848086,0.6027397260273972,0.05720572057205721,0.6534653465346535,0.04874213836477988,0.07692307692307693
19.27,20,9,0.5141075760126116,0.632728978285307,0.8126545327800107,0.6132075471698113,0.050605060506050605,0.6435643564356436,0.04245283018867924,0.0695970695970696
19.27,20,10,0.7041236132383348,0.7050341465376923,0.8384472110577394,0.6255924170616114,0.0484048404840484,0.6534653465346535,0.040880503144654086,0.06593406593406594
19.27,20,11,0.6807028144598014,0.7011803326683332,0.8243745166595868,0.6346153846153846,0.045104510451045104,0.6534653465346535,0.03773584905660377,0.06227106227106227
19.27,20,12,0.5001567617058755,0.6557788010656207,0.8249191255759238,0.6197183098591549,0.050605060506050605,0.6534653465346535,0.04245283018867924,0.0695970695970696
19.27,20,13,0.49441469609737404,0.414805018098509,0.6309185373982943,0.36666666666666664,0.050605060506050605,0.32673267326732675,0.04245283018867924,0.0695970695970696
19.27,20,14,0.6817397743463517,0.7046919645044133,0.833665544772299,0.6027397260273972,0.05720572057205721,0.6534653465346535,0.04874213836477988,0.07692307692307693
19.27,20,15,0.6700530081987381,0.7052050282146617,0.830180047707741,0.6,0.058305830583058306,0.6534653465346535,0.04874213836477988,0.08058608058608059
19.27,20,16,0.6486302822828293,0.7027525529356131,0.8162053829145292,0.6226415094339622,0.04950495049504951,0.6534653465346535,0.040880503144654086,0.0695970695970696
19.27,20,17,0.6953800290822985,0.7028918332363913,0.8283392695705214,0.6197183098591549,0.050605060506050605,0.6534653465346535,0.04245283018867924,0.0695970695970696
19.27,20,18,0.5004637733101847,0.654724066762035,0.8237645546732891,0.6197183098591549,0.050605060506050605,0.6534653465346535,0.04245283018867924,0.0695970695970696
19.27,20,19,0.495699179172516,0.6336706074271488,0.8211504318748706,0.6197183098591549,0.050605060506050605,0.6534653465346535,0.04245283018867924,0.0695970695970696
21.26,22,0,0.6863903373479846,0.7094330496095803,0.8464638543062227,0.6285714285714286,0.047304730473047306,0.6534653465346535,0.03930817610062893,0.06593406593406594
21.26,22,1,0.48843499422073366,0.44150707559818875,0.6716879608752955,0.3687150837988827,0.04950495049504951,0.32673267326732675,0.04245283018867924,0.06593406593406594
21.26,22,2,0.5751661062240601,0.7092761982510765,0.8486205056149179,0.6,0.058305830583058306,0.6534653465346535,0.04874213836477988,0.08058608058608059
21.26,22,3,0.690583422780037,0.7085677174607437,0.8457994314282915,0.631578947368421,0.0462046204620462,0.6534653465346535,0.03773584905660377,0.06593406593406594
21.26,22,4,0.6398972570896151,0.7041046994773593,0.8327506017928525,0.6226415094339622,0.04950495049504951,0.6534653465346535,0.04245283018867924,0.06593406593406594
21.26,22,5,0.5218362122774125,0.6342201521598545,0.8219346687143962,0.6197183098591549,0.050605060506050605,0.6534653465346535,0.04245283018867924,0.0695970695970696
21.26,22,6,0.5127762496471406,0.5785314013546208,0.8008147349388405,0.5517241379310345,0.050605060506050605,0.5544554455445545,0.04245283018867924,0.0695970695970696
21.26,22,7,0.6538765043020252,0.7028065440218848,0.8279035824374517,0.631578947368421,0.0462046204620462,0.6534653465346535,0.03930817610062893,0.06227106227106227
21.26,22,8,0.4186547487974168,0.7082357181523141,0.8316395996035247,0.6,0.058305830583058306,0.6534653465346535,0.050314465408805034,0.07692307692307693
21.26,22,9,0.6124764025211336,0.717959007016112,0.8501127340456818,0.6098654708520179,0.0594059405940594,0.6732673267326733,0.050314465408805034,0.08058608058608059
21.26,22,10,0.4570736691355708,0.5391281834677006,0.7974817283708568,0.4639175257731959,0.052805280528052806,0.44554455445544555,0.0440251572327044,0.07326007326007326
21.26,22,11,0.7061732649803167,0.7002945114702954,0.820921696130009,0.6346153846153846,0.045104510451045104,0.6534653465346535,0.03773584905660377,0.06227106227106227
21.26,22,12,0.3827735766768457,0.5601351817444951,0.7918177956409502,0.5192307692307693,0.058305830583058306,0.5346534653465347,0.050314465408805034,0.07692307692307693
21.26,22,13,0.196694914251566,0.5074887309019631,0.6580291692535591,0.5084745762711864,0.034103410341034104,0.44554455445544555,0.02358490566037736,0.05860805860805861
21.26,22,14,0.7172927588224416,0.7031693401946426,0.8297879292879784,0.6082949308755761,0.05500550055005501,0.6534653465346535,0.04559748427672956,0.07692307692307693
21.26,22,15,0.4256330847740175,0.5406665047211824,0.7751745471576861,0.4975609756097561,0.058305830583058306,0.504950495049505,0.050314465408805034,0.07692307692307693
21.26,22,16,0.671221244335175,0.7049960844224675,0.8328486313977933,0.6285714285714286,0.047304730473047306,0.6534653465346535,0.040880503144654086,0.06227106227106227
21.26,22,17,0.682432693243027,0.7024551171881092,0.8266945506431831,0.6197183098591549,0.050605060506050605,0.6534653465346535,0.04245283018867924,0.0695970695970696
21.26,22,18,0.4447417452931406,0.5890914150979337,0.8053023124094588,0.5402843601895735,0.058305830583058306,0.5643564356435643,0.050314465408805034,0.07692307692307693
21.26,22,19,0.5920776665210725,0.7046525681102994,0.8419000315873171,0.6,0.058305830583058306,0.6534653465346535,0.04874213836477988,0.08058608058608059
