feature,benign_mean,benign_std,group_mean,group_std,ks_statistic,ks_pvalue,mean_shift_in_benign_std,benign_p5,benign_p25,benign_p50,benign_p75,benign_p95,group_p5,group_p25,group_p50,group_p75,group_p95
conn_state_SF,0.9989737575135611,0.032018577619843856,0.0,0.0,0.9989737575135611,0.0,-31.19981684927929,1.0,1.0,1.0,1.0,1.0,0.0,0.0,0.0,0.0,0.0
conn_state_REJ,0.0,0.0,0.9654178674351584,0.18271893353483987,0.9654178674351584,9.4e-323,,0.0,0.0,0.0,0.0,0.0,1.0,1.0,1.0,1.0,1.0
pkts_per_sec_scaled,0.10776776081567663,1.2378302787155928,71.51056508922231,30.594263137673835,0.9627789581843155,1.04e-322,57.683834816592274,-0.2370787078309505,-0.2368702076173757,-0.2141674803016433,-0.1531367522476682,1.711491446427907,22.12348810762173,49.52656658218218,74.4084310782712,89.33754977592461,111.73122782240476
orig_pkts_scaled,-0.05815784767869776,0.763997292447714,-0.46131352140974313,0.005140480515496299,0.9494209060255094,1.53e-322,-0.5276925425211979,-0.4585569123203094,-0.3475585160920421,-0.2301857154282197,0.1105647937786129,0.709649122071008,-0.4708994072110646,-0.4585569123203094,-0.4585569123203094,-0.4585569123203094,-0.4585569123203094
resp_pkts_scaled,-0.07654527641628986,0.8718595883159932,-0.7090340909002797,0.024009845160323996,0.913812530974229,3.36e-322,-0.7254480227781279,-0.7095632409082235,-0.582263629806121,-0.4040441742631775,0.130614192365653,1.4290702256070986,-0.7269062427833466,-0.7095632409082235,-0.7095632409082235,-0.7095632409082235,-0.7095632409082235
duration_scaled,-0.05846010361894051,0.791676569985741,-0.379266737630913,0.06072554219461579,0.8768678014624273,6.27e-322,-0.4052243632999656,-0.3939951752852273,-0.389302366944354,-0.3082290296182547,0.1279392058983315,0.8695038736311701,-0.3944465701159246,-0.3897129142040686,-0.3897128928536468,-0.3897128715032251,-0.3897127503395817
service_none,0.19425304207594193,0.3956245666287475,1.0,0.0,0.805746957924058,1.45e-321,2.0366454105469334,0.0,0.0,0.0,0.0,1.0,1.0,1.0,1.0,1.0,1.0
byte_ratio_scaled,0.05913346758699855,1.1801877793778444,-0.6131982471957834,0.017096382413896594,0.8048673215071104,1.457e-321,-0.5696819832664365,-0.6040302242810942,-0.5313922645545104,-0.1707229648245473,-0.045187592906215,4.119297628905474,-0.6450793075249286,-0.6040302242810942,-0.6040302242810942,-0.6040302242810942,-0.6040302242810942
orig_bytes_scaled,-0.05214365966895025,0.7784255951005876,-0.372085303433791,0.004169509063081751,0.7987098665884768,1.537e-321,-0.4110112074661395,-0.3731626028884327,-0.2894384238779717,-0.1858334951877857,0.0814276748790601,0.5671294734080354,-0.3798605372092696,-0.3698493827747944,-0.3698493827747944,-0.3698493827747944,-0.3698493827747944
resp_bytes_scaled,-0.07908124995357534,0.9004731197921805,-0.7418249774030246,0.007307382963728775,0.7987098665884768,1.537e-321,-0.7359950151564806,-0.7544339089174409,-0.6607270981156157,-0.4695885262114407,0.1432500570889179,1.665230116021892,-0.7554516682125048,-0.7379063557416712,-0.7379063557416712,-0.7379063557416712,-0.7379063557416712
service_http,0.74857059082246,0.43383483190976396,0.0,0.0,0.74857059082246,2.46e-321,-1.7254736958930028,0.0,0.0,1.0,1.0,1.0,0.0,0.0,0.0,0.0,0.0
bytes_per_sec_scaled,0.09807168183365557,1.2310962181476712,-0.24563589349583312,0.007762548216633118,0.6269722635681383,2.450757380870165e-237,-0.27918823099516715,-0.2497985998628026,-0.2494512825515621,-0.247458701657426,-0.1625308146074033,2.1919106086118942,-0.2497985998628026,-0.2497985998628026,-0.2497985998628026,-0.2497985998628026,-0.2311604178068231
proto_tcp,0.9494209060255094,0.21913659946985167,1.0,0.0,0.05057909397449054,0.07676118887987224,0.23081080064605602,0.0,1.0,1.0,1.0,1.0,1.0,1.0,1.0,1.0,1.0
service_dns,0.05057909397449054,0.21913659946985167,0.0,0.0,0.05057909397449054,0.07676118887987224,-0.23081080064605594,0.0,0.0,0.0,0.0,1.0,0.0,0.0,0.0,0.0,0.0
proto_udp,0.05057909397449054,0.21913659946985167,0.0,0.0,0.05057909397449054,0.07676118887987224,-0.23081080064605594,0.0,0.0,0.0,0.0,1.0,0.0,0.0,0.0,0.0,0.0
conn_state_S1,0.0,0.0,0.0345821325648415,0.18271893353483987,0.0345821325648415,0.42803308521235495,,0.0,0.0,0.0,0.0,0.0,0.0,0.0,0.0,0.0,0.0
service_ssh,0.006597273127107462,0.08095522907381468,0.0,0.0,0.006597273127107462,1.0,-0.08149285972734502,0.0,0.0,0.0,0.0,0.0,0.0,0.0,0.0,0.0,0.0
conn_state_RSTO,0.0010262424864389385,0.03201857761984386,0.0,0.0,0.0010262424864389385,1.0,-0.032051470200316255,0.0,0.0,0.0,0.0,0.0,0.0,0.0,0.0,0.0,0.0
